Category;Term;Shortcut
Annotation / Relational Phrases;Band pulls out;bpllso
Annotation / Relational Phrases;Drives the groove;dtgrv
Annotation / Relational Phrases;Drums drop out;drdo
Annotation / Relational Phrases;Gradual fade-out;gfdo
Annotation / Relational Phrases;Gradually fades out;gfdso
Annotation / Relational Phrases;Holds the momentum;Htm
Annotation / Relational Phrases;in counterpoint;inct
Annotation / Relational Phrases;in parallel harmony with;iphw
Annotation / Relational Phrases;in parallel with;ipw
Annotation / Relational Phrases;in the mix;itmx
Annotation / Relational Phrases;in the pocket;itp
Annotation / Relational Phrases;Making space for;mkspf
Annotation / Relational Phrases;near the bridge;ntb
Annotation / Relational Phrases;off the beat;oftb
Annotation / Relational Phrases;on;on
Annotation / Relational Phrases;on the beat;ontb
Annotation / Relational Phrases;On the edges;otedg
Annotation / Relational Phrases;On the sides;otsd
Annotation / Relational Phrases;Opens the chorus;optc
Annotation / Relational Phrases;Opens the song;opts
Annotation / Relational Phrases;Opens the verse;optv
Annotation / Relational Phrases;over the fingerboard;otf
Annotation / Relational Phrases;Over the top of;otto
Annotation / Relational Phrases;Over the top of the mix;ottotm
Annotation / Relational Phrases;Plays the root;Ptr
Annotation / Relational Phrases;Prepares for the transition;pfttr
Annotation / Relational Phrases;resolves to;reto
Annotation / Relational Phrases;Softly swells beneath;ssben
Annotation / Relational Phrases;Under the mix;utm
Annotation / Relational Phrases;Vocal harmonies join in parallel;vhjip
Annotation / Relational Phrases;Vocals drop out;vcdo
Form / Arrangement / Function;arrangement;arrg
Form / Arrangement / Function;backing;bkg
Form / Arrangement / Function;beat drops out;bdo
Form / Arrangement / Function;bed;bed
Form / Arrangement / Function;brass section;brss
Form / Arrangement / Function;break;brk
Form / Arrangement / Function;breakdown;brkd
Form / Arrangement / Function;breakdowns;brkds
Form / Arrangement / Function;bridge;brdg
Form / Arrangement / Function;bridges;brdgs
Form / Arrangement / Function;build;bld
Form / Arrangement / Function;build-up;bldu
Form / Arrangement / Function;build-ups;bldus
Form / Arrangement / Function;building;bldg
Form / Arrangement / Function;building up;bldgu
Form / Arrangement / Function;chorus;chrs
Form / Arrangement / Function;chorus hook;chorh
Form / Arrangement / Function;chorus melody;chorm
Form / Arrangement / Function;choruses;chrss
Form / Arrangement / Function;coda;coda
Form / Arrangement / Function;codas;codas
Form / Arrangement / Function;develop;dvlp
Form / Arrangement / Function;developed;dvlpd
Form / Arrangement / Function;developing;dvlpg
Form / Arrangement / Function;development;dvlpm
Form / Arrangement / Function;djembe solo;djmso
Form / Arrangement / Function;double;dbl
Form / Arrangement / Function;doubled;dbld
Form / Arrangement / Function;doubling;dblg
Form / Arrangement / Function;down;dwn
Form / Arrangement / Function;drop;drp
Form / Arrangement / Function;drop out;drpo
Form / Arrangement / Function;Dropped;Drpd
Form / Arrangement / Function;dropping;drpg
Form / Arrangement / Function;dropping out;drpgo
Form / Arrangement / Function;drops;drps
Form / Arrangement / Function;Established;estbl
Form / Arrangement / Function;Establishing;Estblg
Form / Arrangement / Function;fade;fd
Form / Arrangement / Function;fade out;fdo
Form / Arrangement / Function;fade-in;fdi
Form / Arrangement / Function;fades;fds
Form / Arrangement / Function;fades in;fdsi
Form / Arrangement / Function;fading;fdg
Form / Arrangement / Function;fading in;fdgi
Form / Arrangement / Function;harmonica solo;hmncaso
Form / Arrangement / Function;hook;hk
Form / Arrangement / Function;hooks;hks
Form / Arrangement / Function;horn section;hrnsc
Form / Arrangement / Function;interlude;intrl
Form / Arrangement / Function;interludes;intrls
Form / Arrangement / Function;intro;intr
Form / Arrangement / Function;Introduction;intrdct
Form / Arrangement / Function;intros;intrs
Form / Arrangement / Function;layer;lyr
Form / Arrangement / Function;layered;lyrd
Form / Arrangement / Function;layering;lyrg
Form / Arrangement / Function;layers;lyrs
Form / Arrangement / Function;lead;ld
Form / Arrangement / Function;motivic development;mtdev
Form / Arrangement / Function;opening;opng
Form / Arrangement / Function;opening melody;opnm
Form / Arrangement / Function;outro;outr
Form / Arrangement / Function;outros;outrs
Form / Arrangement / Function;pause;pse
Form / Arrangement / Function;Piano solo;pnso
Form / Arrangement / Function;pitch-drop;ptdr
Form / Arrangement / Function;post-chorus;pstcrs
Form / Arrangement / Function;post-choruses;pstcrss
Form / Arrangement / Function;pre-chorus;prcr
Form / Arrangement / Function;pre-choruses;prcrs
Form / Arrangement / Function;progress;prgs
Form / Arrangement / Function;recurring theme;Recth
Form / Arrangement / Function;refrain;refr
Form / Arrangement / Function;refrains;refrs
Form / Arrangement / Function;repeat;rpt
Form / Arrangement / Function;repeated;rptd
Form / Arrangement / Function;repeating;rptg
Form / Arrangement / Function;repeating phrase;rphr
Form / Arrangement / Function;repeats;rpts
Form / Arrangement / Function;repetitive phrase;rptph
Form / Arrangement / Function;reprise;rprz
Form / Arrangement / Function;reprised;rprsd
Form / Arrangement / Function;reprises;rprss
Form / Arrangement / Function;return;rtrn
Form / Arrangement / Function;returns;rtrns
Form / Arrangement / Function;Reverse;rvs
Form / Arrangement / Function;reversed;rvsd
Form / Arrangement / Function;section;sctn
Form / Arrangement / Function;sections;sctns
Form / Arrangement / Function;solo;solo
Form / Arrangement / Function;solos;solos
Form / Arrangement / Function;string section;strss
Form / Arrangement / Function;tabla solo;tablso
Form / Arrangement / Function;thematic development;thde
Form / Arrangement / Function;transition;trns
Form / Arrangement / Function;transitioning;trnsg
Form / Arrangement / Function;transitioning to;trnst
Form / Arrangement / Function;transitions;trnss
Form / Arrangement / Function;turnaround;trnrnd
Form / Arrangement / Function;turnarounds;trnrnds
Form / Arrangement / Function;up;up
Form / Arrangement / Function;variation;vrtn
Form / Arrangement / Function;variations;vrtns
Form / Arrangement / Function;verse;vrs
Form / Arrangement / Function;verse hook;vrsh
Form / Arrangement / Function;verse melody;Vrsm
Form / Arrangement / Function;verses;vrss
Genre / Style;ballad;blld
Genre / Style;balladic;blldc
Genre / Style;blues;bls
Genre / Style;blues feel;blf
Genre / Style;blues harp;blh
Genre / Style;blues lick;bll
Genre / Style;blues note;blsnt
Genre / Style;blues run;blru
Genre / Style;blues scale;blsc
Genre / Style;blues shuffle;blsh
Genre / Style;bossa nova;bono
Genre / Style;bossa nova feel;bonof
Genre / Style;bossa nova groove;bonog
Genre / Style;bossa nova guitar;bonogtr
Genre / Style;bossa nova rhythm;bonortm
Genre / Style;cinema;cnm
Genre / Style;contrapuntal;cntrpl
Genre / Style;contrapuntally;cntrp+ly
Genre / Style;disco;dsc
Genre / Style;disco beat;dibe
Genre / Style;drill;drll
Genre / Style;drill beat;drlbt
Genre / Style;drill pattern;drlpt
Genre / Style;drum 'n bass;dnb
Genre / Style;dub;dub
Genre / Style;dub delay;dubde
Genre / Style;dub mix;dubmi
Genre / Style;dub reverb;dubre
Genre / Style;dub version;dubve
Genre / Style;dubbed;dubd
Genre / Style;dubbing;dubg
Genre / Style;EDM Drums;Edr
Genre / Style;electronic;elctr
Genre / Style;electronic music;elmu
Genre / Style;flamenco;flamc
Genre / Style;flamenco guitar;flamg
Genre / Style;flamenco rhythm;flamrtm
Genre / Style;flamenco style;flamst
Genre / Style;flamenco technique;flamtec
Genre / Style;funk;fnk
Genre / Style;funky;fnky
Genre / Style;grime;grm
Genre / Style;grime beat;grbe
Genre / Style;grime production;grpr
Genre / Style;House drums;Hdr
Genre / Style;hyperpop;hyprp
Genre / Style;hyperpop production;Hyprpr
Genre / Style;jazz;jzz
Genre / Style;jazz shuffle;jsh
Genre / Style;lo-fi;lofi
Genre / Style;lo-fi aesthetic;lofae
Genre / Style;lo-fi effect;lofe
Genre / Style;lo-fi production;lofpr
Genre / Style;lo-fi sound;lofso
Genre / Style;lofi hip hop;lofhh
Genre / Style;new wave;nww
Genre / Style;new wave sound;nws
Genre / Style;overdub;ovdb
Genre / Style;overdubbed;ovdbd
Genre / Style;overdubbing;ovdbg
Genre / Style;overdubs;ovdbs
Genre / Style;pop;pop
Genre / Style;pop hook;pophk
Genre / Style;pop melody;popmld
Genre / Style;post-punk;Pstpnk
Genre / Style;punk;punk
Genre / Style;punk rock;pnkrk
Genre / Style;rap;rp
Genre / Style;rapped;rapd
Genre / Style;reggae;rgg
Genre / Style;reggae rhythm;rgrtm
Genre / Style;samba;smb
Genre / Style;samba beat;smbbt
Genre / Style;samba groove;smbgr
Genre / Style;samba percussion;smbprc
Genre / Style;samba rhythm;smbrtm
Genre / Style;ska;ska
Genre / Style;ska beat;skabt
Genre / Style;ska feel;skafl
Genre / Style;ska rhythm;skartm
Genre / Style;soul;soul
Genre / Style;soulful;slfl
Genre / Style;soulfully;slfly
Genre / Style;Trap drums;trpdr
Harmony / Melody / Tonality;accompaniment;accmp
Harmony / Melody / Tonality;accompany;accmpy
Harmony / Melody / Tonality;accompanying harmonies;acchs
Harmony / Melody / Tonality;accompanying harmony;acch
Harmony / Melody / Tonality;artificial harmonic;arha
Harmony / Melody / Tonality;ascending sequence;asse
Harmony / Melody / Tonality;Augment;Agent
Harmony / Melody / Tonality;augment;agmnt
Harmony / Melody / Tonality;augmentation;agmntn
Harmony / Melody / Tonality;augmented;agmntd
Harmony / Melody / Tonality;augmented chord;agmch
Harmony / Melody / Tonality;augmented fifth;agm5
Harmony / Melody / Tonality;augmented triad;agmtr
Harmony / Melody / Tonality;augmenting;agmntg
Harmony / Melody / Tonality;blue note;blno
Harmony / Melody / Tonality;cadence;cdnc
Harmony / Melody / Tonality;cadences;cdncs
Harmony / Melody / Tonality;canonic;cnnc
Harmony / Melody / Tonality;canonically;cnn+ly
Harmony / Melody / Tonality;chord;crd
Harmony / Melody / Tonality;chord progression;crdp
Harmony / Melody / Tonality;chords;crds
Harmony / Melody / Tonality;chromatic line;chrml
Harmony / Melody / Tonality;chromatic run;chrmr
Harmony / Melody / Tonality;consonance;cnsnce
Harmony / Melody / Tonality;consonant;cnsnt
Harmony / Melody / Tonality;contrary;cntrr
Harmony / Melody / Tonality;contrary motion;cntrrm
Harmony / Melody / Tonality;counter;cntr
Harmony / Melody / Tonality;countermelody;cntm
Harmony / Melody / Tonality;counterpoint;cntrp
Harmony / Melody / Tonality;descending sequence;Descseq
Harmony / Melody / Tonality;diatonic;dtnc
Harmony / Melody / Tonality;diatonically;dtncly
Harmony / Melody / Tonality;diminished;dmnshd
Harmony / Melody / Tonality;diminished chord;dmshc
Harmony / Melody / Tonality;diminished scale;dmnsc
Harmony / Melody / Tonality;dissonance;dsnc
Harmony / Melody / Tonality;dissonant;dsnt
Harmony / Melody / Tonality;dominant;dmnt
Harmony / Melody / Tonality;dominant chord;Dmntc
Harmony / Melody / Tonality;dominant resolution;dmntres
Harmony / Melody / Tonality;dominant seventh;dmnt7
Harmony / Melody / Tonality;dominantly;dmntly
Harmony / Melody / Tonality;female harmonies;fhmns
Harmony / Melody / Tonality;female harmony;fhmn
Harmony / Melody / Tonality;female vocal accompaniment;fvac
Harmony / Melody / Tonality;female vocal harmonies;fvhs
Harmony / Melody / Tonality;female vocal harmony;fvhmn
Harmony / Melody / Tonality;filter-modulated;fltmd
Harmony / Melody / Tonality;free counterpoint;frco
Harmony / Melody / Tonality;free imitation;frim
Harmony / Melody / Tonality;fully diminished;fldmnd
Harmony / Melody / Tonality;grace note;grcn
Harmony / Melody / Tonality;grace notes;grns
Harmony / Melody / Tonality;half-diminished;hfdmnd
Harmony / Melody / Tonality;harmonic;hmnc
Harmony / Melody / Tonality;harmonic sequence;hmncsq
Harmony / Melody / Tonality;harmonic series;hmnsr
Harmony / Melody / Tonality;harmonica;hmnca
Harmony / Melody / Tonality;harmonica bend;Hmncabnd
Harmony / Melody / Tonality;harmonicas;hmncas
Harmony / Melody / Tonality;harmonics;hmncs
Harmony / Melody / Tonality;harmonies;hmns
Harmony / Melody / Tonality;harmonise;hmnz
Harmony / Melody / Tonality;harmony;hmn
Harmony / Melody / Tonality;held note;hldnt
Harmony / Melody / Tonality;Horn melodies;hrnmlds
Harmony / Melody / Tonality;horn melody;hrnmld
Harmony / Melody / Tonality;imitate;imtt
Harmony / Melody / Tonality;imitated;imttd
Harmony / Melody / Tonality;imitating;imttg
Harmony / Melody / Tonality;imitation;imttn
Harmony / Melody / Tonality;interval;intv
Harmony / Melody / Tonality;intervals;intvs
Harmony / Melody / Tonality;inversion;invrs
Harmony / Melody / Tonality;inversions;invrss
Harmony / Melody / Tonality;inverted;invrd
Harmony / Melody / Tonality;IV chord;ivch
Harmony / Melody / Tonality;key;ky
Harmony / Melody / Tonality;key change;kych
Harmony / Melody / Tonality;key changes;kychs
Harmony / Melody / Tonality;keys;kys
Harmony / Melody / Tonality;LFO modulation;lfomo
Harmony / Melody / Tonality;lick;lck
Harmony / Melody / Tonality;licks;lcks
Harmony / Melody / Tonality;main theme;mnthm
Harmony / Melody / Tonality;major;mjr
Harmony / Melody / Tonality;major chord;mjc
Harmony / Melody / Tonality;major key;mjk
Harmony / Melody / Tonality;major pentatonic;mjpen
Harmony / Melody / Tonality;major scale;mjsc
Harmony / Melody / Tonality;male vocal accompaniment;Mva
Harmony / Melody / Tonality;male vocal harmonies;mvhs
Harmony / Melody / Tonality;melodic;mldc
Harmony / Melody / Tonality;melodic sequence;mldsq
Harmony / Melody / Tonality;melodic variation;mldvar
Harmony / Melody / Tonality;melodically;mldcly
Harmony / Melody / Tonality;melodies;mlds
Harmony / Melody / Tonality;melody;mld
Harmony / Melody / Tonality;minor;mnr
Harmony / Melody / Tonality;minor chord;mnch
Harmony / Melody / Tonality;minor key;mnk
Harmony / Melody / Tonality;minor pentatonic;mnpen
Harmony / Melody / Tonality;minor scale;mnsc
Harmony / Melody / Tonality;modal;modl
Harmony / Melody / Tonality;modally;modly
Harmony / Melody / Tonality;mode;mode
Harmony / Melody / Tonality;modes;modes
Harmony / Melody / Tonality;modulate;mdlt
Harmony / Melody / Tonality;modulated;mdltd
Harmony / Melody / Tonality;modulating;Mdltg
Harmony / Melody / Tonality;modulation;mdltn
Harmony / Melody / Tonality;motif;mtf
Harmony / Melody / Tonality;motifs;mtfs
Harmony / Melody / Tonality;oblique motion;oblm
Harmony / Melody / Tonality;oboe melody;obom
Harmony / Melody / Tonality;octave;octv
Harmony / Melody / Tonality;octaves;octvs
Harmony / Melody / Tonality;parallel;prll
Harmony / Melody / Tonality;parallel harmonies;phmns
Harmony / Melody / Tonality;parallel harmony;Phmn
Harmony / Melody / Tonality;parallel motion;pmot
Harmony / Melody / Tonality;pedal;pdl
Harmony / Melody / Tonality;pedal drone;pdldr
Harmony / Melody / Tonality;pedal note;pdln
Harmony / Melody / Tonality;pedal point;pdlp
Harmony / Melody / Tonality;pedal tone;pdlt
Harmony / Melody / Tonality;Pentatlonic line;pntali
Harmony / Melody / Tonality;pentatonic;pnta
Harmony / Melody / Tonality;pentatonic lick;pntalk
Harmony / Melody / Tonality;pentatonic run;pntar
Harmony / Melody / Tonality;pentatonic scale;pesc
Harmony / Melody / Tonality;piano plays chords;pnplc
Harmony / Melody / Tonality;Piano plays melody;pnplm
Harmony / Melody / Tonality;pitch;ptch
Harmony / Melody / Tonality;pitch-modulated;ptmod
Harmony / Melody / Tonality;pitched;ptcd
Harmony / Melody / Tonality;playful melody;plflm
Harmony / Melody / Tonality;progression;prgn
Harmony / Melody / Tonality;progressions;prgrs
Harmony / Melody / Tonality;resolution;rsltn
Harmony / Melody / Tonality;resolutions;rsltns
Harmony / Melody / Tonality;resolve;rslv
Harmony / Melody / Tonality;resolved;rslvd
Harmony / Melody / Tonality;resolves;rslvs
Harmony / Melody / Tonality;resolving;rslvg
Harmony / Melody / Tonality;Rhodes chords;rhdscr
Harmony / Melody / Tonality;riff;rff
Harmony / Melody / Tonality;riffs;rffs
Harmony / Melody / Tonality;root;rt
Harmony / Melody / Tonality;root note;rtnt
Harmony / Melody / Tonality;root position;rtpos
Harmony / Melody / Tonality;run;run
Harmony / Melody / Tonality;runs;runs
Harmony / Melody / Tonality;secondary dominant;secdom
Harmony / Melody / Tonality;sequence;sq
Harmony / Melody / Tonality;sequenced;sqd
Harmony / Melody / Tonality;sequences;sqs
Harmony / Melody / Tonality;string harmonic;stRha
Harmony / Melody / Tonality;subdominant;sbdm
Harmony / Melody / Tonality;subdominant chord;sbdmcr
Harmony / Melody / Tonality;subdominant function;sbdmf
Harmony / Melody / Tonality;synth keys;syk
Harmony / Melody / Tonality;thematic;thmc
Harmony / Melody / Tonality;thematically;thmcly
Harmony / Melody / Tonality;theme;thm
Harmony / Melody / Tonality;theme and variations;thmvar
Harmony / Melody / Tonality;themes;thms
Harmony / Melody / Tonality;transpose;trnsp
Harmony / Melody / Tonality;transposed;trnspd
Harmony / Melody / Tonality;transposition;trnspn
Harmony / Melody / Tonality;tritone;trtn
Harmony / Melody / Tonality;tritone interval;trtnint
Harmony / Melody / Tonality;tritone resolution;trtnres
Harmony / Melody / Tonality;tritone substitution;trtnsub
Harmony / Melody / Tonality;tritones;Trans
Harmony / Melody / Tonality;two-voice counterpoint;2vcnt
Harmony / Melody / Tonality;unison;uns
Harmony / Melody / Tonality;unison harmonies;unshms
Harmony / Melody / Tonality;unison harmony;unshm
Harmony / Melody / Tonality;vocal harmonies;vhms
Harmony / Melody / Tonality;vocal harmony;vhm
Harmony / Melody / Tonality;vocal melody;vmel
Harmony / Melody / Tonality;voice leading;vcld
Instruments / Voices;808;808
Instruments / Voices;808 bass;8b
Instruments / Voices;808 kick;8k
Instruments / Voices;a cappella;acap
Instruments / Voices;accapella;acap2
Instruments / Voices;accordion;accrd
Instruments / Voices;accordion line;accl
Instruments / Voices;accordionist;accrdnst
Instruments / Voices;accordions;accrds
Instruments / Voices;acoustic guitar;gac
Instruments / Voices;acoustic guitar picks;agpk
Instruments / Voices;acoustic guitar plucks;agpl
Instruments / Voices;acoustic guitar strumming;agstg
Instruments / Voices;acoustic guitar strums;agsts
Instruments / Voices;acoustic guitars;gacs
Instruments / Voices;Alto sax;asx
Instruments / Voices;alto voice;altv
Instruments / Voices;arpeggiated bass synth;arpbs
Instruments / Voices;arpeggiated synth;arpsy
Instruments / Voices;backing singers;bks
Instruments / Voices;Backing vocalist;bkvclst
Instruments / Voices;backing vocals;bkv
Instruments / Voices;bandoneon;bndnn
Instruments / Voices;banjo;bnj
Instruments / Voices;banjos;bnjs
Instruments / Voices;baritone;brtn
Instruments / Voices;baritone range;brtnra
Instruments / Voices;baritone register;brtnr
Instruments / Voices;baritone voice;brtnv
Instruments / Voices;baritones;brtns
Instruments / Voices;bass;bs
Instruments / Voices;bass guitar;gb
Instruments / Voices;bassline;bssl
Instruments / Voices;basslines;bssls
Instruments / Voices;bassoon;bssn
Instruments / Voices;bassoon line;bssnl
Instruments / Voices;bassoonist;bssnst
Instruments / Voices;bassoons;bssns
Instruments / Voices;bongo;bng
Instruments / Voices;bongos;bngs
Instruments / Voices;brass;brs
Instruments / Voices;cajon;cjn
Instruments / Voices;cajon beat;cjbe
Instruments / Voices;cajon groove;cjgr
Instruments / Voices;cajon pattern;cjp
Instruments / Voices;cajons;cjns
Instruments / Voices;cello;cll
Instruments / Voices;cellos;cllo
Instruments / Voices;choir;chr
Instruments / Voices;clap;clp
Instruments / Voices;clap fill;clfi
Instruments / Voices;claps;cls
Instruments / Voices;clarinet;clrnt
Instruments / Voices;clarinetist;clrntst
Instruments / Voices;clarinets;clrnts
Instruments / Voices;clean electric guitar;gelc
Instruments / Voices;conga;cng
Instruments / Voices;congas;cngs
Instruments / Voices;creaky voice;crev
Instruments / Voices;distorted electric guitar;geld
Instruments / Voices;djembe;Djmb
Instruments / Voices;djembe pattern;djmp
Instruments / Voices;djembes;djms
Instruments / Voices;doubled vocals;dblv
Instruments / Voices;drone bass;drnbs
Instruments / Voices;drum;drm
Instruments / Voices;Drum beat;drmb
Instruments / Voices;drum bus;drbus
Instruments / Voices;drum fill;drf
Instruments / Voices;drum kit;drkt
Instruments / Voices;drum machine;drmmc
Instruments / Voices;drum machines;drmmcs
Instruments / Voices;drum-machine beat;drmmbt
Instruments / Voices;drums;Drms
Instruments / Voices;electric guitar;Eg
Instruments / Voices;electric guitar picks;egpk
Instruments / Voices;electric guitar plucks;egpl
Instruments / Voices;electric guitar strumming;egstg
Instruments / Voices;electric guitar strums;egsts
Instruments / Voices;electric guitars;egs
Instruments / Voices;electric piano;ep
Instruments / Voices;electric piano playing;eppg
Instruments / Voices;electric piano plays;eppl
Instruments / Voices;female;fml
Instruments / Voices;female rapper;frpr
Instruments / Voices;female vocal;fvc
Instruments / Voices;female vocal lead;fvl
Instruments / Voices;female vocalist;fvcls
Instruments / Voices;female vocals;fvcs
Instruments / Voices;flute;flu
Instruments / Voices;flutes;flus
Instruments / Voices;French horn;Frhn
Instruments / Voices;French horns;frhns
Instruments / Voices;glockenspiel;glckn
Instruments / Voices;glockenspiels;glckns
Instruments / Voices;guitar;gt
Instruments / Voices;guitars;gts
Instruments / Voices;hand drums;hnddr
Instruments / Voices;hand percussion;hndprc
Instruments / Voices;harp;hrp
Instruments / Voices;harp arpeggio;hrparp
Instruments / Voices;harpist;hrpst
Instruments / Voices;harps;hrps
Instruments / Voices;high alto;halto
Instruments / Voices;high tenor;hiten
Instruments / Voices;hihat;hh
Instruments / Voices;hihats;hhs
Instruments / Voices;horn;hrn
Instruments / Voices;horn line;hrnl
Instruments / Voices;horns;hrns
Instruments / Voices;kick;kk
Instruments / Voices;kicks;kks
Instruments / Voices;lead vocal;lvc
Instruments / Voices;lead vocals;lvcs
Instruments / Voices;Live drums;Ldr
Instruments / Voices;live drums;lvdr
Instruments / Voices;male;ml
Instruments / Voices;male rapper;mrpr
Instruments / Voices;male vocal;mvc
Instruments / Voices;male vocal lead;mvl
Instruments / Voices;male vocalist;mvlst
Instruments / Voices;male vocals;mvcs
Instruments / Voices;mandolin;mndln
Instruments / Voices;mandolin line;manl
Instruments / Voices;mandolin tremolo;matr
Instruments / Voices;mandolinist;mndlnst
Instruments / Voices;mandolins;mndlns
Instruments / Voices;marimba;mrmb
Instruments / Voices;marimbas;mrmbs
Instruments / Voices;mellotron;mlltr
Instruments / Voices;mellotrons;mlltrs
Instruments / Voices;mezzo-soprano;mzzsp
Instruments / Voices;mezzo-sopranos;mzzs
Instruments / Voices;mixed vocal harmonies;mxvh
Instruments / Voices;monosynth;mnsy
Instruments / Voices;muted guitar;mtdg
Instruments / Voices;oboe;oboe
Instruments / Voices;oboe line;obol
Instruments / Voices;oboes;oboes
Instruments / Voices;oboist;obst
Instruments / Voices;open hihat;ohh
Instruments / Voices;organ;orgn
Instruments / Voices;organic;orgnc
Instruments / Voices;organically;orgncly
Instruments / Voices;organs;orgns
Instruments / Voices;percussion;prc
Instruments / Voices;Pianist;pnst
Instruments / Voices;piano;pno
Instruments / Voices;Piano comps;pncmp
Instruments / Voices;piano playing;pnplg
Instruments / Voices;Piano plays;Pnpl
Instruments / Voices;pianos;pns
Instruments / Voices;piccolo;pccl
Instruments / Voices;piccolo flute;pifl
Instruments / Voices;piccolo line;picl
Instruments / Voices;piccolos;pccls
Instruments / Voices;plucked synth;plks
Instruments / Voices;processed drums;prdr
Instruments / Voices;Programmed drums;Pdr
Instruments / Voices;rapper;rpr
Instruments / Voices;rappers;rprs
Instruments / Voices;Rhodes;rhds
Instruments / Voices;Rhodes piano;rhdsp
Instruments / Voices;Rolling bass;rlbs
Instruments / Voices;rolling hihats;rlht
Instruments / Voices;rolling snare;rlsn
Instruments / Voices;scat singing;scatsg
Instruments / Voices;scat vocal;scatvc
Instruments / Voices;shaker;shk
Instruments / Voices;shakers;shks
Instruments / Voices;Singer;sngr
Instruments / Voices;singer vocalises;sgvc
Instruments / Voices;singer vocalising;sgvg
Instruments / Voices;singers;sgrs
Instruments / Voices;Singing;sgg
Instruments / Voices;sitar;sitr
Instruments / Voices;sitar drone;sitrdr
Instruments / Voices;sitar line;sitl
Instruments / Voices;sitar riff;sitri
Instruments / Voices;sitars;sitrs
Instruments / Voices;slap bass;slpbs
Instruments / Voices;sliding 808;sl8
Instruments / Voices;snare;sn
Instruments / Voices;snares;sns
Instruments / Voices;soloist;slst
Instruments / Voices;soprano;sprn
Instruments / Voices;sopranos;sprns
Instruments / Voices;string;strngg
Instruments / Voices;strings;strs
Instruments / Voices;synth;syt
Instruments / Voices;synth bass;syb
Instruments / Voices;synth brass;sybr
Instruments / Voices;synth chime;sych
Instruments / Voices;synth lead;syld
Instruments / Voices;Synth leads;sylds
Instruments / Voices;synth line;syln
Instruments / Voices;synth pad;syp
Instruments / Voices;synth pads;syps
Instruments / Voices;synth strings;syst
Instruments / Voices;Synth wash;sywsh
Instruments / Voices;synth-driven;Sydrvn
Instruments / Voices;synthetic;syntc
Instruments / Voices;synthetically;syntcly
Instruments / Voices;tabla;tabl
Instruments / Voices;tabla beat;tablb
Instruments / Voices;tabla pattern;tablpt
Instruments / Voices;tablas;tabls
Instruments / Voices;tambourine;tmb
Instruments / Voices;tambourines;tmbs
Instruments / Voices;tenor;tenr
Instruments / Voices;tenor sax;tsx
Instruments / Voices;trombone;trmb
Instruments / Voices;trombones;trmbs
Instruments / Voices;trombonist;trmbst
Instruments / Voices;trumpet;trmp
Instruments / Voices;trumpets;trmps
Instruments / Voices;tuba;tuba
Instruments / Voices;tubas;tubas
Instruments / Voices;ukulele;ukll
Instruments / Voices;ukuleles;uklls
Instruments / Voices;unison-voiced;Unsvc
Instruments / Voices;upper tenor;upte
Instruments / Voices;vibraphone;vib
Instruments / Voices;vibraphones;vibs
Instruments / Voices;violin;vln
Instruments / Voices;violins;vlns
Instruments / Voices;vocal;vc
Instruments / Voices;vocal fry;vcfry
Instruments / Voices;vocal run;vrun
Instruments / Voices;vocal runs;vruns
Instruments / Voices;vocal sample;vsmp
Instruments / Voices;vocal samples;vsmps
Instruments / Voices;vocalisation;vczn
Instruments / Voices;vocalise;Vcz
Instruments / Voices;vocalised;vclsd
Instruments / Voices;vocalising;vcg
Instruments / Voices;vocals;vcs
Instruments / Voices;vocoded vocal;vcdvc
Instruments / Voices;vocoder;vcdr
Instruments / Voices;vocoders;vcdrs
Instruments / Voices;voice lead;vcls
Instruments / Voices;voice-leading motion;Vcldmot
Instruments / Voices;woodblock;wdbl
Instruments / Voices;woodblocks;wdbls
Instruments / Voices;xylophone;xyl
Instruments / Voices;xylophones;xyls
Performance / Technique;ad lib;adli
Performance / Technique;ad libbed;adlid
Performance / Technique;ad libbing;adlig
Performance / Technique;ad libs;adlis
Performance / Technique;arpeggiated;arpd
Performance / Technique;arpeggiated strings;arpst
Performance / Technique;arpeggio;arpg
Performance / Technique;arpeggios;arpgs
Performance / Technique;belt;blt
Performance / Technique;belted;bltd
Performance / Technique;belter;bltr
Performance / Technique;belting;bltg
Performance / Technique;belting technique;bltech
Performance / Technique;bend;bnd
Performance / Technique;bending;bndg
Performance / Technique;bends;bnds
Performance / Technique;bent;bnt
Performance / Technique;blended register;blndreg
Performance / Technique;bouncing bow;bobo
Performance / Technique;bow;bow
Performance / Technique;bowed;bowd
Performance / Technique;bowing;bowg
Performance / Technique;chop;chp
Performance / Technique;chopped;chpd
Performance / Technique;chopping;chpg
Performance / Technique;chops;chps
Performance / Technique;emote;emt
Performance / Technique;evoke;evk
Performance / Technique;express;exprs
Performance / Technique;finger;fngr
Performance / Technique;fingerpicked;fngp
Performance / Technique;fingerpicking;fngpg
Performance / Technique;fry register;fryre
Performance / Technique;fry tone;fryto
Performance / Technique;glide;gld
Performance / Technique;glides;glds
Performance / Technique;gliding;gldg
Performance / Technique;glissando;glssn
Performance / Technique;glissandos;glssns
Performance / Technique;hammer-on;hmron
Performance / Technique;hammer-ons;hmrons
Performance / Technique;hand;hand
Performance / Technique;harmonising;hmnzg
Performance / Technique;hum;hum
Performance / Technique;humming;humg
Performance / Technique;improvisation;imprv
Performance / Technique;improvisational;imprvl
Performance / Technique;improvise;imprvz
Performance / Technique;improvised;imprvzd
Performance / Technique;improvising;imprvzg
Performance / Technique;live instruments;lvin
Performance / Technique;mellisma;mlism
Performance / Technique;mix voice;mixvo
Performance / Technique;mixed register;mire
Performance / Technique;mute;Mt
Performance / Technique;muted;mtd
Performance / Technique;off-beat chop;ofbch
Performance / Technique;palm mute;plmmt
Performance / Technique;palm muting;Plmmtg
Performance / Technique;palm-muted;plmmtd
Performance / Technique;phasing;phsg
Performance / Technique;pick;pk
Performance / Technique;picked;pkd
Performance / Technique;picking;pickg
Performance / Technique;Picks;pks
Performance / Technique;play;ply
Performance / Technique;playful;plfl
Performance / Technique;playful feel;plflf
Performance / Technique;playfully;plfly
Performance / Technique;playfulness;plfns
Performance / Technique;pluck;plk
Performance / Technique;plucked;plkd
Performance / Technique;plucking;plkg
Performance / Technique;pull-off;pllff
Performance / Technique;pull-offs;pllffs
Performance / Technique;riffing;rffg
Performance / Technique;scat;scat
Performance / Technique;scat improvisation;scatim
Performance / Technique;scatting;scatg
Performance / Technique;self-aggrandising;slfag
Performance / Technique;sing;sg
Performance / Technique;slap;slp
Performance / Technique;slapped;slpd
Performance / Technique;slapping;slpg
Performance / Technique;slaps;slps
Performance / Technique;soloing;solog
Performance / Technique;speak;spk
Performance / Technique;spiccato;spcct
Performance / Technique;spiccato bowing;spcbw
Performance / Technique;spoken;spkn
Performance / Technique;spoken-word;spknw
Performance / Technique;strum;strm
Performance / Technique;strummed;strmd
Performance / Technique;strumming;strmg
Performance / Technique;strums;strms
Performance / Technique;swell;swl
Performance / Technique;swelling;swlg
Performance / Technique;swells;swls
Performance / Technique;transposing;trnspg
Performance / Technique;turn;Trn
Production / Recording / Effects;ambient loop;amblp
Production / Recording / Effects;ambient sample;ambsmp
Production / Recording / Effects;analog;anlg
Production / Recording / Effects;analog gear;anlgg
Production / Recording / Effects;analog recording;anlgrec
Production / Recording / Effects;analog signal;anlgsig
Production / Recording / Effects;analog tape;anlgtp
Production / Recording / Effects;analog warmth;anlgwm
Production / Recording / Effects;analogue;anlg2
Production / Recording / Effects;attack;attck
Production / Recording / Effects;attacks;attcks
Production / Recording / Effects;audio render;aure
Production / Recording / Effects;audio stem;aust
Production / Recording / Effects;auto-wah;autwa
Production / Recording / Effects;automate;atmt
Production / Recording / Effects;automated;atmtd
Production / Recording / Effects;automating;atmtg
Production / Recording / Effects;automation;atmtn
Production / Recording / Effects;bedroom;bdrm
Production / Recording / Effects;bedroom recording;bdr
Production / Recording / Effects;bit crushing;btcrsg
Production / Recording / Effects;bit reduction;btre
Production / Recording / Effects;bit-crushed;btcrsd
Production / Recording / Effects;bitcrusher;btcrs
Production / Recording / Effects;commercial release of DAW-based production;crdp2
Production / Recording / Effects;commercial release of live recording;crlr
Production / Recording / Effects;compress;cmpr
Production / Recording / Effects;compressed;cmprd
Production / Recording / Effects;compression;cmprn
Production / Recording / Effects;crossfade;crsf
Production / Recording / Effects;crossfaded;crsfd
Production / Recording / Effects;crossfades;crsfs
Production / Recording / Effects;crossfading;crsfg
Production / Recording / Effects;cutoff;ctff
Production / Recording / Effects;delay;dly
Production / Recording / Effects;delayed;dlyd
Production / Recording / Effects;digital;dgtl
Production / Recording / Effects;digital artifact;dgtla
Production / Recording / Effects;digital degradation;dgtdeg
Production / Recording / Effects;digital distortion;dgtdst
Production / Recording / Effects;digital production;dgtrep
Production / Recording / Effects;digital recording;dgtrec
Production / Recording / Effects;digitally;dgtly
Production / Recording / Effects;distort;dst
Production / Recording / Effects;distorted;dstd
Production / Recording / Effects;distortion;dstn
Production / Recording / Effects;duck;dck
Production / Recording / Effects;ducked;dckd
Production / Recording / Effects;ducking;dckg
Production / Recording / Effects;envelope;envlp
Production / Recording / Effects;envelope filter;envf
Production / Recording / Effects;envelope follower;envfo
Production / Recording / Effects;envelopes;envs
Production / Recording / Effects;filter;flt
Production / Recording / Effects;filter cutoff;fltcoff
Production / Recording / Effects;filter modulation;fltm
Production / Recording / Effects;filtered;fltd
Production / Recording / Effects;filtering;fltg
Production / Recording / Effects;filters;flts
Production / Recording / Effects;flange;flng
Production / Recording / Effects;flange effect;flngef
Production / Recording / Effects;flanged;flngd
Production / Recording / Effects;flanger;flngr
Production / Recording / Effects;flangers;flngs
Production / Recording / Effects;flanging;flngg
Production / Recording / Effects;gain;gn
Production / Recording / Effects;Ghost side-chain;ghstsc
Production / Recording / Effects;glitch;gltc
Production / Recording / Effects;glitched;gltcd
Production / Recording / Effects;glitching;gltcg
Production / Recording / Effects;glitchy;gltcy
Production / Recording / Effects;gloopy;glpy
Production / Recording / Effects;high-pass;hipas
Production / Recording / Effects;High-pass filter;hipasf
Production / Recording / Effects;LFO;lfo
Production / Recording / Effects;LFOs;lfos
Production / Recording / Effects;limit;lmt
Production / Recording / Effects;limited;lmtd
Production / Recording / Effects;limiter;lmtr
Production / Recording / Effects;limiters;lmts
Production / Recording / Effects;limiting;lmtg
Production / Recording / Effects;live recording;lvrc
Production / Recording / Effects;loop;lp
Production / Recording / Effects;looped;lpd
Production / Recording / Effects;looping;lpg
Production / Recording / Effects;loops;lps
Production / Recording / Effects;low-pass;lwpas
Production / Recording / Effects;master;mstr
Production / Recording / Effects;mastered;mstrd
Production / Recording / Effects;mastering;mstrg
Production / Recording / Effects;MIDI;midi
Production / Recording / Effects;mix;mx
Production / Recording / Effects;mixed;mxd
Production / Recording / Effects;mixes;mxs
Production / Recording / Effects;mono;mno
Production / Recording / Effects;mono-compatible;mnco
Production / Recording / Effects;mono-focus;mnfo
Production / Recording / Effects;noise;ns
Production / Recording / Effects;noise floor;Nsfl
Production / Recording / Effects;overdrive;ovd
Production / Recording / Effects;overdriven;ovdn
Production / Recording / Effects;pan;pn
Production / Recording / Effects;panned;pnnd
Production / Recording / Effects;panning;pnng
Production / Recording / Effects;phase;phs
Production / Recording / Effects;phased;phsd
Production / Recording / Effects;phaser;phsr
Production / Recording / Effects;phasers;phss
Production / Recording / Effects;pink noise;pnkns
Production / Recording / Effects;pitch-shift;Ptshf
Production / Recording / Effects;pitch-shifted;ptshfd
Production / Recording / Effects;pitch-shifting;ptshfg
Production / Recording / Effects;process;prcs
Production / Recording / Effects;processed;prcsd
Production / Recording / Effects;pulse-wave;plsw
Production / Recording / Effects;pump;pmp
Production / Recording / Effects;pumped;pmpd
Production / Recording / Effects;pumping;pmpg
Production / Recording / Effects;quantization;qntzn
Production / Recording / Effects;quantize;qntz
Production / Recording / Effects;quantized;qntzd
Production / Recording / Effects;raw recording;Rwrec
Production / Recording / Effects;record;rc
Production / Recording / Effects;recorded;rcd
Production / Recording / Effects;recording;rcg
Production / Recording / Effects;reverberant;rvbnt
Production / Recording / Effects;reverberate;rvrbr
Production / Recording / Effects;reverberated;rvbd
Production / Recording / Effects;sample;smpl
Production / Recording / Effects;sampled;smpld
Production / Recording / Effects;saturate;satu
Production / Recording / Effects;saturated;satud
Production / Recording / Effects;saturates;satus
Production / Recording / Effects;saturating;satug
Production / Recording / Effects;saturation;strtn
Production / Recording / Effects;sawtooth;swth
Production / Recording / Effects;sequencing;sqg
Production / Recording / Effects;side;side
Production / Recording / Effects;side-chain;sc
Production / Recording / Effects;side-chained;scd
Production / Recording / Effects;side-chaining;scg
Production / Recording / Effects;sidechain pumping;scpmp
Production / Recording / Effects;sine-wave;snw
Production / Recording / Effects;slowed and reverbed;slrv
Production / Recording / Effects;square-wave;sqw
Production / Recording / Effects;stereo;stro
Production / Recording / Effects;stereo mix;stmx
Production / Recording / Effects;stereo width;stwd
Production / Recording / Effects;studio;std
Production / Recording / Effects;studio production;stdpr
Production / Recording / Effects;stutter;sttr
Production / Recording / Effects;stuttered;sttrd
Production / Recording / Effects;stuttering;stttrg
Production / Recording / Effects;textural loop;txtlp
Production / Recording / Effects;textural sample;txtsmp
Production / Recording / Effects;track;trk
Production / Recording / Effects;tracked;trkd
Production / Recording / Effects;transient;trnsn
Production / Recording / Effects;transients;trnsns
Production / Recording / Effects;triangle-wave;triw
Production / Recording / Effects;vocoded;vcdd
Production / Recording / Effects;wah;wah
Production / Recording / Effects;wah effect;wafx
Production / Recording / Effects;wah pedal;wapd
Production / Recording / Effects;white noise;whnois
Production / Recording / Effects;wide stereo;wdst
Rhythm / Tempo / Meter;accelerando;acclra
Rhythm / Tempo / Meter;accelerate;acclr
Rhythm / Tempo / Meter;accelerated;acclrd
Rhythm / Tempo / Meter;accelerating;acclrg
Rhythm / Tempo / Meter;accelerating tempo;acct
Rhythm / Tempo / Meter;acceleration;acclrn
Rhythm / Tempo / Meter;accent;accnt
Rhythm / Tempo / Meter;accented;accntd
Rhythm / Tempo / Meter;accents;accnts
Rhythm / Tempo / Meter;accentuated;accntu
Rhythm / Tempo / Meter;allargando;allrg
Rhythm / Tempo / Meter;back-beat;bkbt
Rhythm / Tempo / Meter;backbeat;bkbt2
Rhythm / Tempo / Meter;bar;bar
Rhythm / Tempo / Meter;bar line;barli
Rhythm / Tempo / Meter;bars;bars
Rhythm / Tempo / Meter;beat;beat
Rhythm / Tempo / Meter;beats;beats
Rhythm / Tempo / Meter;dotted;dtd
Rhythm / Tempo / Meter;dotted note;dtdn
Rhythm / Tempo / Meter;dotted rhythm;Dtdrtm
Rhythm / Tempo / Meter;double-time;dblt
Rhythm / Tempo / Meter;down-beat;dwnb
Rhythm / Tempo / Meter;downbeat;dwnbt
Rhythm / Tempo / Meter;drag;drag
Rhythm / Tempo / Meter;dragged;drgd
Rhythm / Tempo / Meter;dragging;drgg
Rhythm / Tempo / Meter;Ghost;ghst
Rhythm / Tempo / Meter;Ghost notes;ghstnts
Rhythm / Tempo / Meter;grid;grid
Rhythm / Tempo / Meter;groove;grv
Rhythm / Tempo / Meter;grooved;grvd
Rhythm / Tempo / Meter;grooves;grvs
Rhythm / Tempo / Meter;grooving;grvg
Rhythm / Tempo / Meter;measure;msr
Rhythm / Tempo / Meter;measures;msrs
Rhythm / Tempo / Meter;meters;mtrs
Rhythm / Tempo / Meter;metre;mtr
Rhythm / Tempo / Meter;off-grid;ofgr
Rhythm / Tempo / Meter;on-beat;onb
Rhythm / Tempo / Meter;on-grid;ongr
Rhythm / Tempo / Meter;pattern;pttn
Rhythm / Tempo / Meter;patterns;pttns
Rhythm / Tempo / Meter;pocket;pkt
Rhythm / Tempo / Meter;pocketed;pktd
Rhythm / Tempo / Meter;polyrhythm;plyrtm
Rhythm / Tempo / Meter;polyrhythmic;plyrtmc
Rhythm / Tempo / Meter;polyrhythmically;plyrtmy
Rhythm / Tempo / Meter;polyrhythms;plyrtms
Rhythm / Tempo / Meter;pulse;plse
Rhythm / Tempo / Meter;pulses;plses
Rhythm / Tempo / Meter;push;psh
Rhythm / Tempo / Meter;pushing the beat;pshtb
Rhythm / Tempo / Meter;quantizing;qntzg
Rhythm / Tempo / Meter;rallentando;rllnt
Rhythm / Tempo / Meter;rest;rst
Rhythm / Tempo / Meter;rests;rsts
Rhythm / Tempo / Meter;rhythm;rtm
Rhythm / Tempo / Meter;rhythmic;rtmc
Rhythm / Tempo / Meter;rhythmically;rtmy
Rhythm / Tempo / Meter;roll;rll
Rhythm / Tempo / Meter;Shuffle;shffl
Rhythm / Tempo / Meter;slowing tempo;slot
Rhythm / Tempo / Meter;straight;Strt
Rhythm / Tempo / Meter;straight feel;strtfl
Rhythm / Tempo / Meter;straight time;strtt
Rhythm / Tempo / Meter;swing;swng
Rhythm / Tempo / Meter;swinging;swngg
Rhythm / Tempo / Meter;synchronise;syncr
Rhythm / Tempo / Meter;Synchronised;syncrd
Rhythm / Tempo / Meter;syncopated;syncd
Rhythm / Tempo / Meter;syncopating;syncg
Rhythm / Tempo / Meter;tempo;tmp
Rhythm / Tempo / Meter;tempo acceleration;tmpac
Rhythm / Tempo / Meter;tempo slowdown;Tmpsldwn
Rhythm / Tempo / Meter;tempos;tmps
Rhythm / Tempo / Meter;time signature;tmsig
Rhythm / Tempo / Meter;triplet;trp
Rhythm / Tempo / Meter;triplets;trps
Rhythm / Tempo / Meter;up-beat;upb2
Rhythm / Tempo / Meter;upbeat;upbt
Descriptors / Mood / Texture;acoustic;acstc
Descriptors / Mood / Texture;aggressive;agg
Descriptors / Mood / Texture;aggressively;aggly
Descriptors / Mood / Texture;airy;ary
Descriptors / Mood / Texture;ambience;amb
Descriptors / Mood / Texture;ambient;ambt
Descriptors / Mood / Texture;ambient effects;ambfx
Descriptors / Mood / Texture;Angelic;anglc
Descriptors / Mood / Texture;anger;angr
Descriptors / Mood / Texture;angrily;angly
Descriptors / Mood / Texture;angry;angry
Descriptors / Mood / Texture;Antagonistic;antg
Descriptors / Mood / Texture;anthemic;anth
Descriptors / Mood / Texture;assertive;assrt
Descriptors / Mood / Texture;atmosphere;atmsp
Descriptors / Mood / Texture;atmospheric;atmo
Descriptors / Mood / Texture;beautiful;btfl
Descriptors / Mood / Texture;beautifully;btfly
Descriptors / Mood / Texture;beauty;beau
Descriptors / Mood / Texture;blue;blue
Descriptors / Mood / Texture;bold;bold
Descriptors / Mood / Texture;boldly;bldly
Descriptors / Mood / Texture;boldness;boldn
Descriptors / Mood / Texture;bounce;bnc
Descriptors / Mood / Texture;bouncing;bncg
Descriptors / Mood / Texture;bouncy;bncy
Descriptors / Mood / Texture;brassy;brsy
Descriptors / Mood / Texture;breathy;brthy
Descriptors / Mood / Texture;bright;brt
Descriptors / Mood / Texture;brightly;brtly
Descriptors / Mood / Texture;brittle;brtle
Descriptors / Mood / Texture;broadened;brodnd
Descriptors / Mood / Texture;broadening;brodng
Descriptors / Mood / Texture;Brooding;brdng
Descriptors / Mood / Texture;Brush-work;brshw
Descriptors / Mood / Texture;calm;clm
Descriptors / Mood / Texture;calmed;Clmd
Descriptors / Mood / Texture;Calming;clmg
Descriptors / Mood / Texture;Calms;clms
Descriptors / Mood / Texture;cathartic;cthtc
Descriptors / Mood / Texture;chromatic;chrmt
Descriptors / Mood / Texture;chromatically;chrmly
Descriptors / Mood / Texture;cinematic;cnmt
Descriptors / Mood / Texture;cinematically;cnmtly
Descriptors / Mood / Texture;clarity;clrty
Descriptors / Mood / Texture;clean;cln
Descriptors / Mood / Texture;clear;clr
Descriptors / Mood / Texture;clearly;clrly
Descriptors / Mood / Texture;clipped;clipd
Descriptors / Mood / Texture;cold;cld
Descriptors / Mood / Texture;coldly;cldly
Descriptors / Mood / Texture;coldness;colds
Descriptors / Mood / Texture;commercial;cmrcl
Descriptors / Mood / Texture;commercially;cmrcly
Descriptors / Mood / Texture;complex;cmplx
Descriptors / Mood / Texture;complexity;Cmplxy
Descriptors / Mood / Texture;confessional;cnfsl
Descriptors / Mood / Texture;confident;confd
Descriptors / Mood / Texture;confidently;confdly
Descriptors / Mood / Texture;confrontational;cnfr
Descriptors / Mood / Texture;consonantly;cnsntly
Descriptors / Mood / Texture;conversational;cnvrs
Descriptors / Mood / Texture;creak;crk
Descriptors / Mood / Texture;crisp;crsp
Descriptors / Mood / Texture;Curious;curos
Descriptors / Mood / Texture;dark;drk
Descriptors / Mood / Texture;darkly;drkly
Descriptors / Mood / Texture;Deepen;dpn
Descriptors / Mood / Texture;Deepening;dpng
Descriptors / Mood / Texture;dense;dns
Descriptors / Mood / Texture;depressing;dprs
Descriptors / Mood / Texture;depth;Dpt
Descriptors / Mood / Texture;diminish;dmnsh
Descriptors / Mood / Texture;diminishing;dmnshg
Descriptors / Mood / Texture;diminuendo;dmnnd
Descriptors / Mood / Texture;Dirt;drt
Descriptors / Mood / Texture;Dirty;drty
Descriptors / Mood / Texture;dissonantly;dsntly
Descriptors / Mood / Texture;dominance;dmnc
Descriptors / Mood / Texture;drama;drma
Descriptors / Mood / Texture;dramatic;drmtc
Descriptors / Mood / Texture;dramatically;drmtcly
Descriptors / Mood / Texture;dreamy;drmy
Descriptors / Mood / Texture;drive;drv
Descriptors / Mood / Texture;driven;drvn
Descriptors / Mood / Texture;driving;drvg
Descriptors / Mood / Texture;drone;drn
Descriptors / Mood / Texture;drone note;drnnt
Descriptors / Mood / Texture;drone texture;drntx
Descriptors / Mood / Texture;droned;drnd
Descriptors / Mood / Texture;droning;drng
Descriptors / Mood / Texture;dry;dry
Descriptors / Mood / Texture;dynamic;dync
Descriptors / Mood / Texture;dynamically;dyncly
Descriptors / Mood / Texture;dynamics;dyns
Descriptors / Mood / Texture;ecstasy;ecsts
Descriptors / Mood / Texture;ecstatic;ecstt
Descriptors / Mood / Texture;ecstatic feel;ecsfe
Descriptors / Mood / Texture;ecstatically;Ecstly
Descriptors / Mood / Texture;eerie;eeri
Descriptors / Mood / Texture;eerie atmosphere;eerat
Descriptors / Mood / Texture;eerie feel;eerf
Descriptors / Mood / Texture;eerily;Eerly
Descriptors / Mood / Texture;eeriness;eerns
Descriptors / Mood / Texture;elated;eltd
Descriptors / Mood / Texture;electric;elc
Descriptors / Mood / Texture;electronically;elcly
Descriptors / Mood / Texture;emotional;emol
Descriptors / Mood / Texture;emotionally;emoly
Descriptors / Mood / Texture;emotive;emtv
Descriptors / Mood / Texture;Enchanting;encnt
Descriptors / Mood / Texture;energetic;engt
Descriptors / Mood / Texture;epic;epic
Descriptors / Mood / Texture;epically;epcly
Descriptors / Mood / Texture;establish;estb
Descriptors / Mood / Texture;Ethereal;ethl
Descriptors / Mood / Texture;euphoric;euphc
Descriptors / Mood / Texture;evocative;evctv
Descriptors / Mood / Texture;evocatively;evctvly
Descriptors / Mood / Texture;expressive;exprv
Descriptors / Mood / Texture;expressively;exprly
Descriptors / Mood / Texture;fast attack;fatk
Descriptors / Mood / Texture;fawning;fwng
Descriptors / Mood / Texture;ff;ff
Descriptors / Mood / Texture;fff;fff
Descriptors / Mood / Texture;Flirtatious;flrts
Descriptors / Mood / Texture;Flirty;flrty
Descriptors / Mood / Texture;force;frc
Descriptors / Mood / Texture;forceful;frcfl
Descriptors / Mood / Texture;forcefully;fcfly
Descriptors / Mood / Texture;forte;fte
Descriptors / Mood / Texture;full-voiced;fllv
Descriptors / Mood / Texture;fuzzy;fzy
Descriptors / Mood / Texture;gentle;gntl
Descriptors / Mood / Texture;gently;gntl+ly
Descriptors / Mood / Texture;glassy;glss
Descriptors / Mood / Texture;Glitter;gltr
Descriptors / Mood / Texture;glossy;glsy
Descriptors / Mood / Texture;grainy;grny
Descriptors / Mood / Texture;gravel;grvl
Descriptors / Mood / Texture;Gravelly;grvlly
Descriptors / Mood / Texture;Gritty;grty
Descriptors / Mood / Texture;groovy;grey
Descriptors / Mood / Texture;grt;grit
Descriptors / Mood / Texture;hard-hitting;hrdh
Descriptors / Mood / Texture;harsh;hrsh
Descriptors / Mood / Texture;haunt;hnt
Descriptors / Mood / Texture;haunting;hntg
Descriptors / Mood / Texture;hauntingly;hntgly
Descriptors / Mood / Texture;hazy;hzy
Descriptors / Mood / Texture;heavily;hvly
Descriptors / Mood / Texture;heavy;hvy
Descriptors / Mood / Texture;high;high
Descriptors / Mood / Texture;hopeful;hpfl
Descriptors / Mood / Texture;Hype-talk;hypt
Descriptors / Mood / Texture;Hype-talking;hyptg
Descriptors / Mood / Texture;hypnotic;hypn
Descriptors / Mood / Texture;imperfect;impfct
Descriptors / Mood / Texture;intimate;intm
Descriptors / Mood / Texture;intimately;intmly
Descriptors / Mood / Texture;Irreverent;irvrnt
Descriptors / Mood / Texture;joyful;jyfl
Descriptors / Mood / Texture;joyfully;jyfly
Descriptors / Mood / Texture;laid-back;ldbk
Descriptors / Mood / Texture;Lazy;lz
Descriptors / Mood / Texture;Lethargic;Lthgc
Descriptors / Mood / Texture;light;lgt
Descriptors / Mood / Texture;lighthearted;lgthrt
Descriptors / Mood / Texture;lightly;lgtly
Descriptors / Mood / Texture;live;lv
Descriptors / Mood / Texture;locked-in;lkdi
Descriptors / Mood / Texture;longing;lngg
Descriptors / Mood / Texture;longing feel;lngfl
Descriptors / Mood / Texture;longingly;lngly
Descriptors / Mood / Texture;loud;loud
Descriptors / Mood / Texture;loudly;ldly
Descriptors / Mood / Texture;loudness;ldnss
Descriptors / Mood / Texture;low;lw
Descriptors / Mood / Texture;lower register;lwrg
Descriptors / Mood / Texture;lush;lsh
Descriptors / Mood / Texture;Malevolant;mlvl
Descriptors / Mood / Texture;Meander;mandr
Descriptors / Mood / Texture;mechanical;mchncl
Descriptors / Mood / Texture;mechanically;mchncly
Descriptors / Mood / Texture;melancholic;mlnc
Descriptors / Mood / Texture;melancholically;mlncly
Descriptors / Mood / Texture;melancholy;mlncy
Descriptors / Mood / Texture;mellismatic;mlismt
Descriptors / Mood / Texture;mellow;mllw
Descriptors / Mood / Texture;mellowed;mllwd
Descriptors / Mood / Texture;mellowing;mllwg
Descriptors / Mood / Texture;mellowly;mllw+ly
Descriptors / Mood / Texture;mellowness;mllws
Descriptors / Mood / Texture;Metal;Mtl
Descriptors / Mood / Texture;Metallic;mtlc
Descriptors / Mood / Texture;mf;mf
Descriptors / Mood / Texture;militant;mltnt
Descriptors / Mood / Texture;minimal;mnml
Descriptors / Mood / Texture;minimally;mnmly
Descriptors / Mood / Texture;Misty;msty
Descriptors / Mood / Texture;moody;mdy
Descriptors / Mood / Texture;mp;mp
Descriptors / Mood / Texture;muddy;mddy
Descriptors / Mood / Texture;mysterious;mystr
Descriptors / Mood / Texture;narrow;nrrw
Descriptors / Mood / Texture;natural;ntrl
Descriptors / Mood / Texture;naturally;ntrly
Descriptors / Mood / Texture;nature;ntr
Descriptors / Mood / Texture;nocturnal;noct
Descriptors / Mood / Texture;noisy;nsy
Descriptors / Mood / Texture;nostalgic;nstlg
Descriptors / Mood / Texture;Ominous;omns
Descriptors / Mood / Texture;ominously;omnsly
Descriptors / Mood / Texture;open;opn
Descriptors / Mood / Texture;Overwhelm;Ovrw
Descriptors / Mood / Texture;Overwhelmed;ovrwd
Descriptors / Mood / Texture;Overwhelming;Ovrwg
Descriptors / Mood / Texture;passionate;psnt
Descriptors / Mood / Texture;peaceful;pcfl
Descriptors / Mood / Texture;peacefully;pcfly
Descriptors / Mood / Texture;percussive;prcv
Descriptors / Mood / Texture;pianissimo;pnssm
Descriptors / Mood / Texture;pleading;pldg
Descriptors / Mood / Texture;positive;pstv
Descriptors / Mood / Texture;pp;pp
Descriptors / Mood / Texture;ppp;ppp
Descriptors / Mood / Texture;professional;prf
Descriptors / Mood / Texture;professionally;prfly
Descriptors / Mood / Texture;Provocative;prvct
Descriptors / Mood / Texture;psychedelic;psyd
Descriptors / Mood / Texture;punchy;pnchy
Descriptors / Mood / Texture;quiet;qt
Descriptors / Mood / Texture;quietly;qtly
Descriptors / Mood / Texture;quietness;qtns
Descriptors / Mood / Texture;raspy;rsp
Descriptors / Mood / Texture;raw;rw
Descriptors / Mood / Texture;reflective;rflct
Descriptors / Mood / Texture;relaxing;rlxg
Descriptors / Mood / Texture;repetitive;rptt
Descriptors / Mood / Texture;resonant;rsnt
Descriptors / Mood / Texture;restless;rstls
Descriptors / Mood / Texture;restless energy;rtseng
Descriptors / Mood / Texture;restlessly;rstly
Descriptors / Mood / Texture;restlessness;rstln
Descriptors / Mood / Texture;restrained;rstr
Descriptors / Mood / Texture;Reverent;rvrnt
Descriptors / Mood / Texture;rich;rch
Descriptors / Mood / Texture;Richness;rchn
Descriptors / Mood / Texture;romance;rmnc
Descriptors / Mood / Texture;romantic;rmtc
Descriptors / Mood / Texture;romantically;rmtcly
Descriptors / Mood / Texture;roomy;rmy
Descriptors / Mood / Texture;rough;rgh
Descriptors / Mood / Texture;round;rnd
Descriptors / Mood / Texture;sad;sad
Descriptors / Mood / Texture;sadly;sad+ly
Descriptors / Mood / Texture;sadness;sads
Descriptors / Mood / Texture;Seductive;sdctv
Descriptors / Mood / Texture;sensitive;snstv
Descriptors / Mood / Texture;sentimental;sntmnt
Descriptors / Mood / Texture;serene;srn
Descriptors / Mood / Texture;Shimmer;shmr
Descriptors / Mood / Texture;Shimmering;shmrg
Descriptors / Mood / Texture;silky;slky
Descriptors / Mood / Texture;simple;smple
Descriptors / Mood / Texture;simplicity;smplc
Descriptors / Mood / Texture;simply;smply
Descriptors / Mood / Texture;Sinister;snstr
Descriptors / Mood / Texture;slow attack;slatk
Descriptors / Mood / Texture;smooth;smth
Descriptors / Mood / Texture;smoothly;smthly
Descriptors / Mood / Texture;soft;sft
Descriptors / Mood / Texture;softly;sftly
Descriptors / Mood / Texture;solemn;slmn
Descriptors / Mood / Texture;solemn feel;slmnfl
Descriptors / Mood / Texture;solemn tone;slmnto
Descriptors / Mood / Texture;solemnity;slmnty
Descriptors / Mood / Texture;solemnly;slmly
Descriptors / Mood / Texture;soothing;sthng
Descriptors / Mood / Texture;space;spc
Descriptors / Mood / Texture;spacey;spcy
Descriptors / Mood / Texture;spacious;spcs
Descriptors / Mood / Texture;Sparkle;spkl
Descriptors / Mood / Texture;Sparkling;spklg
Descriptors / Mood / Texture;sparse;sprs
Descriptors / Mood / Texture;sparsely;sprsly
Descriptors / Mood / Texture;storyteller;stryt
Descriptors / Mood / Texture;studio polish;stdp
Descriptors / Mood / Texture;subby;sbby
Descriptors / Mood / Texture;subtle;sbtl
Descriptors / Mood / Texture;subtly;sbtly
Descriptors / Mood / Texture;sudden accent;sdnacc
Descriptors / Mood / Texture;Sultry;sltry
Descriptors / Mood / Texture;tender;tndr
Descriptors / Mood / Texture;tense;tnse
Descriptors / Mood / Texture;tentative;tntv
Descriptors / Mood / Texture;Tentatively;tntvly
Descriptors / Mood / Texture;textural;txtl
Descriptors / Mood / Texture;texture;txt
Descriptors / Mood / Texture;textures;txts
Descriptors / Mood / Texture;thick;thck
Descriptors / Mood / Texture;thin;thn
Descriptors / Mood / Texture;thin out;thno
Descriptors / Mood / Texture;thinning out;thngo
Descriptors / Mood / Texture;thins out;thnso
Descriptors / Mood / Texture;tight;tgt
Descriptors / Mood / Texture;tightly;tgtly
Descriptors / Mood / Texture;triumphant;trmph
Descriptors / Mood / Texture;upfront;upfr
Descriptors / Mood / Texture;uplifting;uplf
Descriptors / Mood / Texture;upper;uppr
Descriptors / Mood / Texture;upper register;uprg
Descriptors / Mood / Texture;warm;wrm
Descriptors / Mood / Texture;warmly;wrmly
Descriptors / Mood / Texture;warmth;wrmt
Descriptors / Mood / Texture;wash;wsh
Descriptors / Mood / Texture;Wash-out;wsho
Descriptors / Mood / Texture;washed;wshd
Descriptors / Mood / Texture;washed-out;wshdo
Descriptors / Mood / Texture;weight;wght
Descriptors / Mood / Texture;weighty;wgty
Descriptors / Mood / Texture;wet;wet
Descriptors / Mood / Texture;wide;wd
Descriptors / Mood / Texture;wistful;wstfl
Descriptors / Mood / Texture;woody;wdy
Descriptors / Mood / Texture;Worship;wshp
Descriptors / Mood / Texture;yearning;yrn
